Token_7,Label_7,Token_6,Label_6,Token_5,Label_5,Token_4,Label_4,Token_1,Label_1,Token_2,Label_2,Token_3,Label_3
Cher,LOC,Cher,LOC,Cher,LOC,Cher,LOC,Cher,LOC,Cher,LOC,Cher,LOC
la,PER,la,PER,la,PER,la,PER,la,PER,la,PER,la,PER
mère,PER,mère,PER,mère,PER,mère,PER,mère,PER,mère,PER,mère,PER
Nannette,PER,Nannette,PER,Nannette,PER,Nannette,PER,Nannette,PER,Nannette,PER,Nannette,PER
Nannette,PER,Nannette,PER,Nannette,PER,Nannette,PER,Nannette,PER,Nannette,PER,Nannette,PER
la,PER,la,PER,la,PER,la,PER,la,PER,la,PER,la,PER
mère,PER,mère,PER,mère,PER,mère,PER,mère,PER,mère,PER,mère,PER
Nannette,PER,Nannette,PER,Nannette,LOC,Nannette,PER,Nannette,PER,Nannette,PER,Nannette,PER
la,PER,la,PER,la,PER,la,PER,la,PER,la,PER,la,PER
mère,PER,mère,PER,mère,PER,mère,PER,mère,PER,mère,PER,mère,PER
Nannette,PER,Nannette,PER,Nannette,PER,Nannette,PER,Nannette,PER,Nannette,PER,Nannette,PER
La,PER,La,PER,La,PER,La,PER,La,PER,La,PER,La,PER
mère,PER,mère,PER,mère,PER,mère,PER,mère,PER,mère,PER,mère,PER
Nannette,PER,Nannette,PER,Nannette,PER,Nannette,PER,Nannette,PER,Nannette,PER,Nannette,PER
la,PER,la,PER,la,PER,la,PER,la,PER,la,PER,la,PER
mère,PER,mère,PER,mère,PER,mère,PER,mère,PER,mère,PER,mère,PER
Nannette,PER,Nannette,PER,Nannette,PER,Nannette,PER,Nannette,PER,Nannette,PER,Nannette,PER
Toussaint,MISC,Toussaint,MISC,Toussaint,MISC,Toussaint,MISC,Toussaint,MISC,Toussaint,MISC,Toussaint,MISC
Noël,MISC,Noël,MISC,Noël,MISC,Noël,MISC,Noël,MISC,Noël,MISC,Noël,MISC
la,PER,la,PER,la,PER,la,PER,la,PER,la,PER,la,PER
mère,PER,mère,PER,mère,PER,mère,PER,mère,PER,mère,PER,mère,PER
Nannette,PER,Nannette,PER,Nannette,PER,Nannette,PER,Nannette,PER,Nannette,PER,Nannette,PER
la,PER,la,PER,la,PER,la,PER,la,PER,la,PER,la,PER
mère,PER,mère,PER,mère,PER,mère,PER,mère,PER,mère,PER,mère,PER
Nannette,PER,Nannette,PER,Nannette,PER,Nannette,PER,Nannette,PER,Nannette,PER,Nannette,PER
la,PER,la,PER,la,PER,la,PER,la,PER,la,PER,la,PER
mère,PER,mère,PER,mère,PER,mère,PER,mère,PER,mère,PER,mère,PER
Nannette,PER,Nannette,PER,Nannette,PER,Nannette,PER,Nannette,PER,Nannette,PER,Nannette,PER
Dieu,PER,Dieu,MISC,Dieu,PER,Dieu,MISC,Dieu,MISC,Dieu,MISC,Dieu,MISC
la,PER,la,PER,la,PER,la,PER,la,PER,la,PER,la,PER
mère,PER,mère,PER,mère,PER,mère,PER,mère,PER,mère,PER,mère,PER
Nannotte,PER,Nannotte,PER,Nannotte,PER,Nannotte,PER,Nannotte,PER,Nannotte,PER,Nannotte,PER
la,PER,la,PER,la,PER,la,PER,la,PER,la,PER,la,PER
mère,PER,mère,PER,mère,PER,mère,PER,mère,PER,mère,PER,mère,PER
Nannette,PER,Nannette,PER,Nannette,PER,Nannette,PER,Nannette,PER,Nannette,PER,Nannette,PER
Jeanne,PER,Jeanne,PER,Jeanne,PER,Jeanne,PER,Jeanne,PER,Jeanne,PER,Jeanne,PER
la,PER,la,PER,la,PER,la,PER,la,PER,la,PER,la,PER
mère,PER,mère,PER,mère,PER,mère,PER,mère,PER,mère,PER,mère,PER
Nannette,PER,Nannette,PER,Nannette,PER,Nannette,PER,Nannette,PER,Nannette,PER,Nannette,PER
mère,PER,mère,LOC,mère,PER,mère,PER,mère,PER,mère,PER,mère,MISC
Nannotte,PER,Nannotte,LOC,Nannotte,PER,Nannotte,PER,Nannotte,PER,Nannotte,PER,Nannotte,MISC
Catherine,PER,Catherine,PER,Catherine,PER,Catherine,PER,Catherine,PER,Catherine,PER,Catherine,PER
Leblane,PER,Leblane,PER,Leblane,PER,Leblane,PER,Leblane,PER,Leblane,PER,Leblane,PER
Catherine,PER,Catherine,PER,Catherine,PER,Catherine,PER,Catherine,PER,Catherine,PER,Catherine,PER
Maître,PER,Maître,PER,Maître,PER,Maître,PER,Maître,PER,Maître,PER,Maître,PER
Guillaume,PER,Guillaume,PER,Guillaume,PER,Guillaume,PER,Guillaume,PER,Guillaume,PER,Guillaume,PER
Catherine,PER,Catherine,PER,Catherine,PER,Catherine,PER,Catherine,PER,Catherine,PER,Catherine,PER
Jeanne,PER,Jeanne,PER,Jeanne,PER,Jeanne,PER,Jeanne,PER,Jeanne,PER,Jeanne,PER
Dieu,PER,Dieu,MISC,Dieu,PER,Dieu,MISC,Dieu,MISC,Dieu,MISC,Dieu,MISC
Catherine,PER,Catherine,PER,Catherine,PER,Catherine,PER,Catherine,PER,Catherine,PER,Catherine,PER
la,PER,la,PER,la,PER,la,PER,la,PER,la,PER,la,PER
mère,PER,mère,PER,mère,PER,mère,PER,mère,PER,mère,PER,mère,PER
Nannette,PER,Nannette,PER,Nannette,PER,Nannette,PER,Nannette,PER,Nannette,PER,Nannette,PER
La,PER,La,PER,La,PER,La,PER,La,PER,La,PER,La,PER
mèro,PER,mèro,PER,mèro,PER,mèro,PER,mèro,PER,mèro,PER,mèro,PER
Nannette,PER,Nannette,PER,Nannette,PER,Nannette,PER,Nannette,PER,Nannette,PER,Nannette,PER
ln,PER,ln,PER,ln,PER,ln,PER,ln,PER,ln,PER,ln,PER
mère,PER,mère,PER,mère,PER,mère,PER,mère,PER,mère,PER,mère,PER
Nannette,PER,Nannette,PER,Nannette,PER,Nannette,PER,Nannette,PER,Nannette,PER,Nannette,PER
Jeanne,PER,Jeanne,PER,Jeanne,PER,Jeanne,PER,Jeanne,PER,Jeanne,PER,Jeanne,PER
la,PER,la,PER,la,PER,la,PER,la,PER,la,LOC,la,PER
mère,PER,mère,PER,mère,PER,mère,PER,mère,PER,mère,LOC,mère,PER
Nannette,PER,Nannette,PER,Nannette,PER,Nannette,PER,Nannette,PER,Nannette,LOC,Nannette,PER
Jeanne,PER,Jeanne,PER,Jeanne,PER,Jeanne,PER,Jeanne,PER,Jeanne,PER,Jeanne,PER
Jeanne,PER,Jeanne,PER,Jeanne,PER,Jeanne,PER,Jeanne,PER,Jeanne,PER,Jeanne,PER
Jeunne,PER,Jeunne,PER,Jeunne,PER,Jeunne,PER,Jeunne,PER,Jeunne,PER,Jeunne,PER
Mme,PER,Mme,PER,Mme,PER,Mme,PER,Mme,PER,Mme,PER,Mme,PER
Dumont,PER,Dumont,PER,Dumont,PER,Dumont,PER,Dumont,PER,Dumont,PER,Dumont,PER
Jeanne,PER,Jeanne,PER,Jeanne,PER,Jeanne,PER,Jeanne,PER,Jeanne,PER,Jeanne,PER
maîtra,PER,maîtra,PER,maîtra,PER,maîtra,PER,maîtra,PER,maîtra,PER,maîtra,PER
Guillaume,PER,Guillaume,PER,Guillaume,PER,Guillaume,PER,Guillaume,PER,Guillaume,PER,Guillaume,PER
Catherine,PER,Catherine,PER,Catherine,PER,Catherine,PER,Catherine,PER,Catherine,PER,Catherine,PER
Manc,PER,Manc,PER,Manc,PER,Manc,PER,Manc,PER,Manc,LOC,Manc,PER
Dumont,PER,Dumont,PER,Dumont,PER,Dumont,PER,Dumont,PER,Dumont,LOC,Dumont,PER
Catherine,PER,Catherine,PER,Catherine,PER,Catherine,PER,Catherine,PER,Catherine,PER,Catherine,PER
Catherine,PER,Catherine,PER,Catherine,PER,Catherine,PER,Catherine,PER,Catherine,PER,Catherine,PER
Jeanne,PER,Jeanne,PER,Jeanne,PER,Jeanne,PER,Jeanne,PER,Jeanne,PER,Jeanne,PER
Jeanne,PER,Jeanne,PER,Jeanne,PER,Jeanne,PER,Jeanne,PER,Jeanne,PER,Jeanne,PER
Jeanne,PER,Jeanne,PER,Jeanne,PER,Jeanne,PER,Jeanne,PER,Jeanne,PER,Jeanne,PER
Mme,PER,Mme,PER,Mme,PER,Mme,PER,Mme,PER,Mme,PER,Mme,PER
Dumont,PER,Dumont,PER,Dumont,PER,Dumont,PER,Dumont,PER,Dumont,PER,Dumont,PER
Jeanne,PER,Jeanne,PER,Jeanne,PER,Jeanne,PER,Jeanne,PER,Jeanne,PER,Jeanne,PER
Mme,PER,Mme,PER,Mme,PER,Mme,PER,Mme,PER,Mme,PER,Mme,PER
Dumont,PER,Dumont,PER,Dumont,PER,Dumont,PER,Dumont,PER,Dumont,PER,Dumont,PER
Jeanne,PER,Jeanne,PER,Jeanne,PER,Jeanne,PER,Jeanne,PER,Jeanne,PER,Jeanne,PER
Jeanne,PER,Jeanne,PER,Jeanne,PER,Jeanne,PER,Jeanne,PER,Jeanne,PER,Jeanne,PER
Isaure,PER,Isaure,PER,Isaure,PER,Isaure,PER,Isaure,PER,Isaure,PER,Isaure,PER
Madeleine,PER,Madeleine,PER,Madeleine,PER,Madeleine,PER,Madeleine,PER,Madeleine,PER,Madeleine,PER
Mme,PER,Mme,PER,Mme,PER,Mme,PER,Mme,PER,Mme,PER,Mme,PER
Dumont,PER,Dumont,PER,Dumont,PER,Dumont,PER,Dumont,PER,Dumont,PER,Dumont,PER
Mme,PER,Mme,PER,Mme,PER,Mme,PER,Mme,PER,Mme,PER,Mme,PER
Dumont,PER,Dumont,PER,Dumont,PER,Dumont,PER,Dumont,PER,Dumont,PER,Dumont,PER
Isauro,LOC,Isauro,PER,Isauro,PER,Isauro,PER,Isauro,PER,Isauro,PER,Isauro,PER
Jeanne,PER,Jeanne,PER,Jeanne,PER,Jeanne,PER,Jeanne,PER,Jeanne,PER,Jeanne,PER
Catherine,PER,Catherine,PER,Catherine,PER,Catherine,PER,Catherine,PER,Catherine,PER,Catherine,PER
Jeanre,LOC,Jeanre,PER,Jeanre,PER,Jeanre,PER,Jeanre,PER,Jeanre,LOC,Jeanre,PER
la,PER,la,PER,la,PER,la,PER,la,PER,la,PER,la,PER
mère,PER,mère,PER,mère,PER,mère,PER,mère,PER,mère,PER,mère,PER
Nannette,PER,Nannette,PER,Nannette,PER,Nannette,PER,Nannette,PER,Nannette,PER,Nannette,PER
Catherine,PER,Catherine,PER,Catherine,PER,Catherine,PER,Catherine,PER,Catherine,PER,Catherine,PER
Catherine,PER,Catherine,PER,Catherine,PER,Catherine,PER,Catherine,PER,Catherine,PER,Catherine,PER
la,PER,la,PER,la,PER,la,PER,la,PER,la,LOC,la,PER
mère,PER,mère,PER,mère,PER,mère,PER,mère,PER,mère,LOC,mère,PER
Nannette,PER,Nannette,PER,Nannette,PER,Nannette,PER,Nannette,PER,Nannette,LOC,Nannette,PER
mère,PER,mère,PER,mère,PER,mère,PER,mère,PER,mère,PER,mère,PER
Nannette,PER,Nannette,PER,Nannette,PER,Nannette,PER,Nannette,PER,Nannette,PER,Nannette,PER
Catherine,PER,Catherine,PER,Catherine,PER,Catherine,PER,Catherine,PER,Catherine,PER,Catherine,PER
Catherine,PER,Catherine,PER,Catherine,PER,Catherine,PER,Catherine,PER,Catherine,PER,Catherine,PER
Jeanne,PER,Jeanne,PER,Jeanne,PER,Jeanne,PER,Jeanne,PER,Jeanne,PER,Jeanne,PER
Guillaume,PER,Guillaume,PER,Guillaume,PER,Guillaume,PER,Guillaume,PER,Guillaume,PER,Guillaume,PER
mère,PER,mère,PER,mère,PER,mère,PER,mère,PER,mère,PER,mère,PER
Nannette,PER,Nannette,PER,Nannette,PER,Nannette,PER,Nannette,PER,Nannette,PER,Nannette,PER
maître,PER,maître,PER,maître,PER,maître,PER,maître,PER,maître,PER,maître,PER
Guillaume,PER,Guillaume,PER,Guillaume,PER,Guillaume,PER,Guillaume,PER,Guillaume,PER,Guillaume,PER
Jeanne,PER,Jeanne,PER,Jeanne,PER,Jeanne,PER,Jeanne,PER,Jeanne,PER,Jeanne,PER
Cathe-,PER,Cathe-,PER,Cathe-,PER,Cathe-,PER,Cathe-,PER,Cathe-,PER,Cathe-,PER
rine,PER,rine,PER,rine,PER,rine,PER,rine,PER,rine,PER,rine,PER
Jeanne,PER,Jeanne,PER,Jeanne,PER,Jeanne,PER,Jeanne,PER,Jeanne,PER,Jeanne,PER
mère,PER,mère,PER,mère,PER,mère,PER,mère,PER,mère,PER,mère,PER
Nannette,PER,Nannette,PER,Nannette,PER,Nannette,PER,Nannette,PER,Nannette,PER,Nannette,PER
Jeanne,PER,Jeanne,PER,Jeanne,PER,Jeanne,PER,Jeanne,PER,Jeanne,PER,Jeanne,PER
Nannette,PER,Nannette,LOC,Nannette,PER,Nannette,PER,Nannette,PER,Nannette,PER,Nannette,PER
Jeanne,PER,Jeanne,PER,Jeanne,PER,Jeanne,PER,Jeanne,PER,Jeanne,PER,Jeanne,PER
la,PER,la,PER,la,PER,la,PER,la,PER,la,PER,la,PER
mère,PER,mère,PER,mère,PER,mère,PER,mère,PER,mère,PER,mère,PER
Nannette,PER,Nannette,PER,Nannette,PER,Nannette,PER,Nannette,PER,Nannette,PER,Nannette,PER
Jeanne,PER,Jeanne,PER,Jeanne,PER,Jeanne,PER,Jeanne,PER,Jeanne,PER,Jeanne,PER
mère,PER,mère,PER,mère,PER,mère,PER,mère,PER,mère,PER,mère,PER
Nannette,PER,Nannette,PER,Nannette,PER,Nannette,PER,Nannette,PER,Nannette,PER,Nannette,PER
mère,PER,mère,PER,mère,PER,mère,PER,mère,PER,mère,PER,mère,PER
Nannette,PER,Nannette,PER,Nannette,PER,Nannette,PER,Nannette,PER,Nannette,PER,Nannette,PER
Jeanne,PER,Jeanne,PER,Jeanne,PER,Jeanne,PER,Jeanne,PER,Jeanne,PER,Jeanne,PER
la,PER,la,PER,la,PER,la,PER,la,PER,la,PER,la,PER
mère,PER,mère,PER,mère,PER,mère,PER,mère,PER,mère,PER,mère,PER
Nannette,PER,Nannette,PER,Nannette,PER,Nannette,PER,Nannette,PER,Nannette,PER,Nannette,PER
Jeanne,PER,Jeanne,PER,Jeanne,PER,Jeanne,PER,Jeanne,PER,Jeanne,PER,Jeanne,PER
Catherine,PER,Catherine,PER,Catherine,PER,Catherine,PER,Catherine,PER,Catherine,PER,Catherine,PER
La,PER,La,PER,La,PER,La,PER,La,PER,La,PER,La,PER
mère,PER,mère,PER,mère,PER,mère,PER,mère,PER,mère,PER,mère,PER
Nannette,PER,Nannette,PER,Nannette,PER,Nannette,PER,Nannette,PER,Nannette,PER,Nannette,PER
Marie,MISC,Marie,MISC,Marie,MISC,Marie,MISC,Marie,MISC,Marie,PER,Marie,MISC
Jeanne,PER,Jeanne,PER,Jeanne,PER,Jeanne,PER,Jeanne,PER,Jeanne,PER,Jeanne,PER
la.mère,PER,la.mère,PER,la.mère,PER,la.mère,PER,la.mère,PER,la.mère,PER,la.mère,PER
Nannette,PER,Nannette,PER,Nannette,PER,Nannette,PER,Nannette,PER,Nannette,PER,Nannette,PER
Dieu,PER,Dieu,MISC,Dieu,PER,Dieu,MISC,Dieu,MISC,Dieu,MISC,Dieu,MISC
Mme,PER,Mme,PER,Mme,PER,Mme,PER,Mme,PER,Mme,PER,Mme,PER
Du-,PER,Du-,PER,Du-,PER,Du-,PER,Du-,PER,Du-,PER,Du-,PER
mont,PER,mont,PER,mont,PER,mont,PER,mont,PER,mont,PER,mont,PER
la,PER,la,PER,la,PER,la,PER,la,PER,la,PER,la,PER
mère,PER,mère,PER,mère,PER,mère,PER,mère,PER,mère,PER,mère,PER
Nannette,PER,Nannette,PER,Nannette,PER,Nannette,PER,Nannette,PER,Nannette,PER,Nannette,PER
Jeanne,PER,Jeanne,PER,Jeanne,PER,Jeanne,PER,Jeanne,PER,Jeanne,PER,Jeanne,PER
Jeanne,PER,Jeanne,PER,Jeanne,PER,Jeanne,PER,Jeanne,PER,Jeanne,PER,Jeanne,PER
Nannotte,PER,Nannotte,PER,Nannotte,PER,Nannotte,PER,Nannotte,PER,Nannotte,PER,Nannotte,PER
la,PER,la,PER,la,PER,la,PER,la,PER,la,PER,la,PER
mère,PER,mère,PER,mère,PER,mère,PER,mère,PER,mère,PER,mère,PER
Nannette,PER,Nannette,PER,Nannette,PER,Nannette,PER,Nannette,PER,Nannette,PER,Nannette,PER
Catherine,PER,Catherine,PER,Catherine,PER,Catherine,PER,Catherine,PER,Catherine,PER,Catherine,PER
Mère,PER,Mère,PER,Mère,PER,Mère,PER,Mère,PER,Mère,PER,Mère,PER
Nannette,PER,Nannette,PER,Nannette,PER,Nannette,PER,Nannette,PER,Nannette,PER,Nannette,PER
Dieu,PER,Dieu,MISC,Dieu,PER,Dieu,MISC,Dieu,MISC,Dieu,MISC,Dieu,MISC
maître,PER,maître,PER,maître,PER,maître,PER,maître,PER,maître,PER,maître,PER
Guillaume,PER,Guillaume,PER,Guillaume,PER,Guillaume,PER,Guillaume,PER,Guillaume,PER,Guillaume,PER
la,PER,la,PER,la,PER,la,PER,la,PER,la,PER,la,PER
mère,PER,mère,PER,mère,PER,mère,PER,mère,PER,mère,PER,mère,PER
Nannette,PER,Nannette,PER,Nannette,PER,Nannette,PER,Nannette,PER,Nannette,PER,Nannette,PER
Catherine,PER,Catherine,PER,Catherine,PER,Catherine,PER,Catherine,PER,Catherine,PER,Catherine,PER
Jeanne,PER,Jeanne,PER,Jeanne,PER,Jeanne,PER,Jeanne,PER,Jeanne,PER,Jeanne,PER
la,PER,la,PER,la,PER,la,PER,la,PER,la,PER,la,PER
mère,PER,mère,PER,mère,PER,mère,PER,mère,PER,mère,PER,mère,PER
Nannette,PER,Nannette,PER,Nannette,PER,Nannette,PER,Nannette,LOC,Nannette,PER,Nannette,PER
Guillaume,PER,Guillaume,PER,Guillaume,PER,Guillaume,PER,Guillaume,PER,Guillaume,PER,Guillaume,PER
Catherine,PER,Catherine,PER,Catherine,PER,Catherine,PER,Catherine,PER,Catherine,PER,Catherine,PER
Guillaume,PER,Guillaume,PER,Guillaume,PER,Guillaume,PER,Guillaume,PER,Guillaume,PER,Guillaume,PER
Catherine,PER,Catherine,PER,Catherine,PER,Catherine,PER,Catherine,PER,Catherine,PER,Catherine,PER
maître,PER,maître,PER,maître,PER,maître,PER,maître,PER,maître,PER,maître,PER
Guillaume,PER,Guillaume,PER,Guillaume,PER,Guillaume,PER,Guillaume,PER,Guillaume,PER,Guillaume,PER
Nannette,PER,Nannette,PER,Nannette,PER,Nannette,PER,Nannette,PER,Nannette,LOC,Nannette,PER
Jeanne,PER,Jeanne,PER,Jeanne,PER,Jeanne,PER,Jeanne,PER,Jeanne,PER,Jeanne,PER
maître,PER,maître,PER,maître,PER,maître,PER,maître,PER,maître,PER,maître,PER
Guillaume,PER,Guillaume,PER,Guillaume,PER,Guillaume,PER,Guillaume,PER,Guillaume,PER,Guillaume,PER
Bonnet,PER,Bonnet,PER,Bonnet,PER,Bonnet,PER,Bonnet,PER,Bonnet,PER,Bonnet,PER
Noël,MISC,Noël,MISC,Noël,MISC,Noël,MISC,Noël,MISC,Noël,MISC,Noël,MISC
Maître,PER,Maître,PER,Maître,PER,Maître,PER,Maître,PER,Maître,PER,Maître,PER
Guillaume,PER,Guillaume,PER,Guillaume,PER,Guillaume,PER,Guillaume,PER,Guillaume,PER,Guillaume,PER
la,PER,la,PER,la,PER,la,PER,la,PER,la,PER,la,PER
mère,PER,mère,PER,mère,PER,mère,PER,mère,PER,mère,PER,mère,PER
Nannette,PER,Nannette,PER,Nannette,PER,Nannette,PER,Nannette,PER,Nannette,PER,Nannette,PER
la,PER,la,PER,la,PER,la,PER,la,PER,la,PER,la,PER
mère,PER,mère,PER,mère,PER,mère,PER,mère,PER,mère,PER,mère,PER
Nannette,PER,Nannette,PER,Nannette,PER,Nannette,PER,Nannette,PER,Nannette,PER,Nannette,PER
Guillaume,PER,Guillaume,PER,Guillaume,PER,Guillaume,PER,Guillaume,PER,Guillaume,PER,Guillaume,PER
maître,PER,maître,PER,maître,PER,maître,PER,maître,PER,maître,PER,maître,PER
Guillaume,PER,Guillaume,PER,Guillaume,PER,Guillaume,PER,Guillaume,PER,Guillaume,PER,Guillaume,PER
Catherine,PER,Catherine,PER,Catherine,PER,Catherine,PER,Catherine,PER,Catherine,PER,Catherine,PER
M.,PER,M.,PER,M.,PER,M.,PER,M.,PER,M.,PER,M.,PER
le,PER,le,PER,le,PER,le,PER,le,PER,le,PER,le,PER
euré,PER,euré,PER,euré,PER,euré,PER,euré,PER,euré,PER,euré,PER
Catherine,PER,Catherine,PER,Catherine,PER,Catherine,PER,Catherine,PER,Catherine,PER,Catherine,PER
Monsieur,PER,Monsieur,PER,Monsieur,PER,Monsieur,PER,Monsieur,PER,Monsieur,PER,Monsieur,PER
le,PER,le,PER,le,PER,le,PER,le,PER,le,PER,le,PER
euré,PER,euré,PER,euré,PER,euré,PER,euré,PER,euré,PER,euré,PER
Jeanne,PER,Jeanne,PER,Jeanne,PER,Jeanne,PER,Jeanne,PER,Jeanne,PER,Jeanne,PER
Jeanue,PER,Jeanue,PER,Jeanue,PER,Jeanue,PER,Jeanue,PER,Jeanue,PER,Jeanue,PER
Mme,PER,Mme,PER,Mme,PER,Mme,PER,Mme,PER,Mme,PER,Mme,PER
Dumont,PER,Dumont,PER,Dumont,PER,Dumont,PER,Dumont,PER,Dumont,PER,Dumont,PER
la,PER,la,PER,la,PER,la,PER,la,PER,la,PER,la,PER
mère,PER,mère,PER,mère,PER,mère,PER,mère,PER,mère,PER,mère,PER
Nannetto,PER,Nannetto,PER,Nannetto,PER,Nannetto,PER,Nannetto,PER,Nannetto,PER,Nannetto,PER
Catherine,PER,Catherine,PER,Catherine,PER,Catherine,PER,Catherine,PER,Catherine,PER,Catherine,PER
Jeanne,PER,Jeanne,PER,Jeanne,PER,Jeanne,PER,Jeanne,PER,Jeanne,PER,Jeanne,PER
la,PER,la,PER,la,PER,la,PER,la,PER,la,PER,la,PER
mère,PER,mère,PER,mère,PER,mère,PER,mère,PER,mère,PER,mère,PER
Nannette,PER,Nannette,PER,Nannette,PER,Nannette,PER,Nannette,PER,Nannette,PER,Nannette,PER
Jeanne,PER,Jeanne,PER,Jeanne,PER,Jeanne,PER,Jeanne,PER,Jeanne,PER,Jeanne,PER
Jeanne,PER,Jeanne,PER,Jeanne,PER,Jeanne,PER,Jeanne,PER,Jeanne,PER,Jeanne,PER
La,PER,La,PER,La,PER,La,PER,La,PER,La,MISC,La,PER
mère,PER,mère,PER,mère,PER,mère,PER,mère,PER,mère,MISC,mère,PER
Nannette,PER,Nannette,PER,Nannette,PER,Nannette,PER,Nannette,PER,Nannette,LOC,Nannette,PER
Catherine,PER,Catherine,PER,Catherine,PER,Catherine,PER,Catherine,PER,Catherine,PER,Catherine,PER
Nanaectte,PER,Nanaectte,PER,Nanaectte,PER,Nanaectte,PER,Nanaectte,PER,Nanaectte,PER,Nanaectte,PER
Jeanne,PER,Jeanne,PER,Jeanne,PER,Jeanne,PER,Jeanne,PER,Jeanne,PER,Jeanne,PER
Jeanne,PER,Jeanne,PER,Jeanne,PER,Jeanne,PER,Jeanne,PER,Jeanne,PER,Jeanne,PER
Nannette,PER,Nannette,PER,Nannette,LOC,Nannette,PER,Nannette,LOC,Nannette,PER,Nannette,LOC
Jeanne,PER,Jeanne,PER,Jeanne,PER,Jeanne,PER,Jeanne,PER,Jeanne,PER,Jeanne,PER
Jenene,PER,Jenene,PER,Jenene,PER,Jenene,PER,Jenene,PER,Jenene,PER,Jenene,PER
M.-et,PER,M.-et,PER,M.-et,MISC,M.-et,MISC,M.-et,MISC,M.-et,PER,M.-et,MISC
Mme,PER,Mme,PER,Mme,PER,Mme,PER,Mme,PER,Mme,PER,Mme,PER
Dumont,PER,Dumont,PER,Dumont,PER,Dumont,PER,Dumont,PER,Dumont,PER,Dumont,PER
Ianure,PER,Ianure,PER,Ianure,PER,Ianure,PER,Ianure,PER,Ianure,PER,Ianure,PER
Joanne,PER,Joanne,PER,Joanne,PER,Joanne,PER,Joanne,PER,Joanne,PER,Joanne,PER
Auguste,PER,Auguste,PER,Auguste,PER,Auguste,PER,Auguste,PER,Auguste,PER,Auguste,PER
Jeanno,PER,Jeanno,PER,Jeanno,PER,Jeanno,PER,Jeanno,PER,Jeanno,PER,Jeanno,PER
Isaure,PER,Isaure,PER,Isaure,PER,Isaure,PER,Isaure,PER,Isaure,PER,Isaure,PER
Jeanne,PER,Jeanne,PER,Jeanne,PER,Jeanne,PER,Jeanne,PER,Jeanne,PER,Jeanne,PER
Jeanne,PER,Jeanne,PER,Jeanne,PER,Jeanne,PER,Jeanne,PER,Jeanne,PER,Jeanne,PER
Jeanne,PER,Jeanne,PER,Jeanne,PER,Jeanne,PER,Jeanne,PER,Jeanne,PER,Jeanne,PER
Mme,PER,Mme,PER,Mme,PER,Mme,PER,Mme,PER,Mme,PER,Mme,PER
Dümont,PER,Dümont,PER,Dümont,PER,Dümont,PER,Dümont,PER,Dümont,PER,Dümont,PER
Jeanne,PER,Jeanne,PER,Jeanne,PER,Jeanne,PER,Jeanne,PER,Jeanne,PER,Jeanne,PER
